ZipCode,Lat,Lng,walk score,bike score
94567,38.6844198,-122.4693688,0,12
95554,40.2676912,-123.7823278,0,
96061,40.3696189,-121.4684703,0,
96113,40.1462051,-120.1170664,0,17
95571,40.3322706,-123.9111517,0,27
95637,38.8297286,-122.2427,0,
95560,40.13103479999999,-123.858434,0,28
94060,37.2051162,-122.3334258,0,
95698,38.8018286,-121.918866,0,10
95542,40.0893047,-123.7038831,0,26
95321,37.8492572,-119.9277947,0,
94111,37.79593620000001,-122.4000032,0,
96136,40.3168394,-120.1358346,100,86
92637,33.61086760000001,-117.7285406,0,
92602,33.7514861,-117.7549295,51,35
94021,37.2704205,-122.2767313,0,12
95043,36.5501406,-120.9417368,0,9
95141,37.1676857,-121.7708337,0,
95412,38.7138916,-123.3261671,4,1
92612,34.1366259,-118.3987842,0,
95419,38.4248846,-122.9582487,35,18
93435,35.5033829,-121.0392436,8,1
92694,33.5507512,-117.6411674,0,
95558,40.2800107,-124.1939287,29,24
92004,33.2566501,-116.3749797,0,
96130,40.6402981,-120.6199895,41,38
94576,38.56003270000001,-122.4835193,0,
94929,38.2573286,-122.9691183,0,2
92823,33.9254328,-117.8018337,8,1
95459,38.9624117,-123.5951925,10,5
94305,37.4135757,-122.1689284,0,
96128,40.3494181,-120.378138,7,35
95573,40.9089201,-123.65969950000002,0,25
96092,39.9811574,-122.0155491,3,2
92603,33.6332102,-117.7959713,0,25
95674,38.95786629999999,-121.47989479999998,6,49
95490,39.505272,-123.3486147,0,25
92657,34.193766,-116.2540856,0,
93117,34.4301656,-119.86966909999998,0,28
95420,39.338086,-123.7350084,67,98
94109,37.7929789,-122.4212424,0,7
96117,40.57563579999999,-120.2051096,100,79
92887,33.8976995,-117.7256083,0,
94506,34.20390870000001,-118.29358909999998,0,
92211,33.7637689,-116.3426552,6,1
92673,33.4662881,-117.6317494,0,25
90010,34.0625448,-118.3089341,5,10
93111,34.46308270000001,-119.8062912,98,61
96021,39.8994909,-122.2200065,1,15
92606,33.6912614,-117.8223506,0,32
94129,37.793323,-122.4665384,54,82
93110,34.508431200000004,-119.7310213,17,49
91789,34.1945949,-117.77252,0,
92066,33.2248091,-116.4901981,0,
92101,37.5641425,-122.004179,0,
96114,40.2847946,-120.50487920000002,37,70
96068,41.1055174,-121.1954797,0,
95421,38.6073529,-123.1913722,0,25
95543,41.8717464,-123.881651,0,
95735,38.81536060000001,-120.147383,0,
95589,40.0203165,-123.9688785,0,
95528,40.4931837,-123.8913602,0,
94103,34.2249609,-118.65564779999998,0,
92620,37.67045039999999,-120.9302603,3,
94516,37.8251445,-122.1604131,24,35
95494,38.9004765,-123.3261671,8,3
95432,39.0963141,-123.6399562,1,
91905,32.681070299999995,-116.3013267,0,
94964,37.94018,-122.4877642,0,13
91101,34.14275870000001,-118.1386005,18,16
95064,36.9923139,-122.0581762,91,79
92203,33.745603,-116.17139170000002,16,49
92624,33.4559258,-117.6640187,0,25
91361,34.1384626,-118.8946309,64,62
92656,33.5714289,-117.7314729,0,
92604,33.6913751,-117.7901088,36,50
95607,38.7963491,-122.1064668,38,68
94158,37.7748363,-122.38725759999998,0,3
95953,39.269055,-121.7879244,72,91
93013,34.4212588,-119.4875668,0,
91748,33.981033700000005,-117.88974679999998,0,8
90275,33.7456493,-118.3637264,43,38
95551,40.6691318,-124.1816517,0,
96009,41.028815,-120.9362113,0,
93010,34.2330908,-119.0809012,0,20
92253,33.6562975,-116.2895173,10,4
92677,33.532029200000004,-117.702148,0,
92648,33.6781963,-118.0127534,34,25
93730,36.90631670000001,-119.7599761,18,51
95467,38.7977373,-122.54293090000002,0,47
92618,33.92266179999999,-117.9600466,12,1
91007,34.2400436,-118.51559009999998,54,36
92327,34.8667466,-116.8556955,21,42
93004,34.2765778,-119.16813729999998,0,27
95426,38.82142959999999,-122.7191963,48,45
90623,33.847795399999995,-118.0449554,29,6
92646,33.6587745,-117.9659037,65,72
93428,35.59251420000001,-121.0564425,54,72
93206,35.42838010000001,-119.4875668,0,
92782,35.7949326,-119.1623231,0,25
92679,33.5941759,-117.5730639,0,26
92653,33.590277,-117.6962824,0,
95548,41.5863265,-124.0391342,64,40
95437,39.4513714,-123.6846987,0,
92630,33.6447519,-117.6845508,7,10
95023,36.9119865,-121.3084088,67,55
92688,37.2187714,-121.5826642,0,
96055,40.07800170000001,-122.0610174,0,
92647,37.67045039999999,-120.9302603,0,26
93651,36.995809,-119.5223715,24,35
92675,33.5039207,-117.5613246,9,6
92649,32.7751095,-116.8556955,0,
95416,38.3137649,-122.48129579999998,2,
92676,33.7480914,-117.6200138,83,60
90014,34.0434783,-118.2519314,1,
93426,35.8425661,-120.9417368,98,93
93012,34.2295937,-118.9761519,0,
91354,34.4627169,-118.5622893,4,35
93101,38.3986068,-122.7520139,28,19
93105,34.1356099,-116.0542941,8,28
94548,37.9714216,-121.6639577,54,48
91765,33.9945546,-117.81355790000002,12,37
93664,37.0875479,-118.9994357,62,23
91745,33.9990858,-117.98347379999998,0,1
92886,38.3437823,-122.7011951,2,2
95942,40.0694093,-121.6054893,68,67
91006,34.0948204,-117.9073244,0,1
95562,40.4175329,-124.11848390000002,78,55
95410,39.2134955,-123.7629465,0,
93924,36.4799547,-121.7327145,6,6
95017,37.0918582,-122.23135390000002,55,37
95493,39.225185,-122.9944636,0,3
91107,37.3178131,-120.6429991,0,1
91106,34.1456654,-118.1268976,0,25
93420,35.1777937,-120.4818446,94,87
94108,37.7909427,-122.4084994,0,1
95033,37.16110400000001,-121.9700618,100,69
91381,34.3729805,-118.61481,0,4
93523,34.9609579,-117.8545867,0,10
91362,34.1971476,-118.824722,0,37
92270,33.7694489,-116.431192,5,6
94933,38.0008669,-122.6786008,0,30
92708,33.7168761,-117.9600466,0,23
95616,38.4929881,-121.3884671,71,67
92835,33.904155200000005,-117.9307584,56,45
90630,33.816539,-118.0361736,22,20
92870,33.880241600000005,-117.8604472,70,73
95606,38.76846920000001,-122.1973081,51,49
92808,33.841606799999994,-117.702148,7,24
95501,40.8134774,-124.1460963,0,
93023,34.5125711,-119.3714909,13,55
90704,33.36146310000001,-118.4396756,0,
91711,32.6980553,-117.1205925,0,25
94973,38.0051761,-122.6418745,69,46
93040,34.509651500000004,-118.8363756,2,23
91326,34.2894584,-118.5622893,0,
91754,34.0472318,-118.1415261,6,15
95428,39.8066831,-123.213851,62,28
95409,38.4668525,-122.593828,0,29
92861,33.8177801,-117.8106269,7,8
95032,37.2260616,-121.9302449,15,46
92807,33.8459536,-117.7901088,0,6
95466,39.10287020000001,-123.50560159999998,64,24
92691,33.6062809,-117.6728185,0,
92011,33.105162,-117.29700259999998,18,25
91367,33.6917281,-116.4075854,9,9
94563,37.8912529,-122.1859572,4,19
94105,37.7890183,-122.3915063,17,8
93962,36.6250909,-121.6461352,95,73
94102,37.778687100000006,-122.4212424,30,30
94104,37.7911148,-122.4021273,97,99
91709,33.959453,-117.7256083,100,87
96109,40.0060389,-120.112735,6,2
95922,39.4882143,-121.0564425,0,
96080,40.1381076,-122.4014193,0,21
95488,39.716228,-123.7741195,0,2
95618,38.518893,-121.6511258,0,19
94572,38.02923,-122.2483726,0,45
95445,38.8053731,-123.50560159999998,3,8
96121,40.17594769999999,-120.3666099,0,
94526,37.8006948,-121.9814354,0,23
93940,36.5760412,-121.822098,17,63
92869,33.8038894,-117.77252,24,11
92883,33.74074829999999,-117.4791295,6,11
96090,40.0233664,-122.1220856,0,
92610,33.6917217,-117.6610854,12,30
93261,35.80550770000001,-119.1128936,11,9
95470,39.28811839999999,-123.2475594,2,26
95524,40.8221629,-124.04944340000002,0,
91740,34.1194758,-117.848726,0,14
93908,36.5981753,-121.5826642,10,15
94517,37.8793779,-121.8790306,0,25
90740,37.7050703,-122.1235054,0,
91307,34.212444399999995,-118.6848112,82,58
95986,39.3534913,-120.7551101,0,
92626,33.68341420000001,-117.9073244,0,5
90278,33.865913,-118.3754131,82,60
95765,38.8113924,-121.2740813,55,61
92692,34.034814399999995,-117.5848025,10,48
91773,34.0982956,-118.05959070000002,23,33
91708,33.9522626,-117.6493515,53,55
90808,33.8197825,-118.1064156,11,23
95450,38.4542093,-123.1126559,65,71
96146,39.1630575,-120.2281933,17,10
92629,34.1235157,-118.3286614,0,25
92845,33.7852683,-118.0273914,0,20
91784,34.1616368,-117.6552185,72,55
94117,37.7717185,-122.4438929,3,4
92780,33.7372177,-117.81355790000002,96,84
93103,34.433094,-119.6817845,80,58
94586,37.5867626,-121.8334868,56,37
93634,37.2964837,-118.9528645,0,1
94939,37.938818,-122.5344456,0,1
94110,37.7485824,-122.4184108,81,77
90731,33.7241323,-118.2643567,99,92
90713,33.847725700000005,-118.1181199,2,56
95667,38.7370339,-120.8498944,72,70
95762,38.65759050000001,-121.0564425,1,8
90603,33.9443011,-117.9931472,8,10
92398,34.918849,-116.8733656,75,49
95045,36.8322484,-121.5141615,0,25
93950,36.62011800000001,-121.918866,2,19
96051,40.9608794,-122.3844187,91,72
90025,34.0448583,-118.4484367,0,
93003,34.2985355,-119.2204548,94,76
95135,37.2751505,-121.685341,3,5
95002,36.7708505,-118.9295737,0,
94020,37.2911153,-122.20865790000002,0,
91759,34.2602336,-117.7138785,0,9
95503,36.7687871,-119.7599761,0,
95521,40.880537200000006,-124.0874754,47,56
92806,33.8362104,-117.8721676,66,95
90712,33.849316200000004,-118.153228,55,61
94596,37.8824054,-122.026918,54,65
95627,38.6733773,-122.0155491,8,8
92868,33.786590000000004,-117.8750976,0,38
95457,38.858136,-122.5146439,81,70
95567,41.9741584,-124.1576164,0,
93463,34.6182169,-120.147383,0,
90720,33.7976003,-118.0712981,2,1
90015,34.0390107,-118.2672801,75,57
94568,37.7202463,-121.8676464,84,85
91724,34.0858034,-117.8604472,13,35
93932,36.0397645,-121.0105733,36,42
91301,37.8113159,-122.26822450000002,0,
93035,34.190302100000004,-119.2262667,98,93
91755,36.5441315,-119.6267347,55,55
92672,33.4154744,-117.5848025,2,26
96142,39.05013029999999,-120.1416089,0,4
95456,39.2717672,-123.7898088,3,1
92614,33.683249700000005,-117.83407350000002,38,13
92833,37.26921420000001,-121.8505679,52,75
91750,34.1945949,-117.77252,50,63
90703,33.872455200000005,-118.05959070000002,0,
93645,37.1602241,-119.638326,64,50
92333,34.263633299999995,-116.9734685,2,
94304,37.3813444,-122.1802812,0,19
95060,38.6506766,-121.2569138,2,14
91316,34.1583323,-118.51559009999998,32,19
94133,37.80598870000001,-122.4099154,68,47
90743,33.728405200000005,-118.084295,98,65
91356,34.1662848,-118.5447787,30,54
92103,32.749789,-117.1676501,72,56
93001,38.692341,-121.22829579999998,92,57
90240,33.957410499999995,-118.1210458,18,29
90404,34.02875,-118.4717975,46,46
95531,41.7557501,-124.2025913,88,98
94508,38.5725972,-122.43539950000002,75,71
94539,37.5148444,-121.9131761,19,14
91403,34.1423899,-118.4571974,10,8
92627,33.6496252,-117.9190418,12,6
90241,33.9372725,-118.12982340000002,79,75
91963,32.6590536,-116.5845767,89,59
94904,37.941063,-122.5655549,0,
91723,34.0870296,-117.8868171,2,20
92705,33.75323579999999,-117.7901088,92,50
91602,34.1487141,-118.36080459999998,3,4
91791,34.0566376,-117.8956062,70,60
96141,39.0782648,-120.1762494,12,19
95648,38.9052036,-121.3084088,0,
95536,40.49983020000001,-124.2649051,9,30
91722,34.0948204,-117.9073244,0,
91790,34.0656464,-117.9424743,78,55
93601,37.38881900000001,-119.7310213,64,55
92801,33.8469812,-117.9541894,0,1
94963,38.0046478,-122.6588267,62,50
92591,33.5273381,-117.1147095,1,13
95918,39.2939803,-121.3312882,10,14
95448,38.6323169,-122.8761309,0,5
95030,37.22823169999999,-121.9871217,31,40
94938,38.01523140000001,-122.7237843,73,42
95837,38.6969922,-121.5940773,1,24
91360,34.2024698,-118.8741429,20,33
95460,39.2908752,-123.6958809,41,26
95007,37.109485,-122.1114366,0,2
95404,38.5386881,-122.695547,6,11
92008,33.1412124,-117.3205123,0,6
93626,37.0429444,-119.6730939,4,37
95415,39.022009,-123.3822764,0,
91364,34.1544724,-118.5914696,4,23
92805,33.8276052,-117.9073244,19,11
92804,33.82353,-117.9659037,70,57
91311,34.0295114,-118.2848199,58,63
95066,37.0702838,-122.0155491,83,92
94121,37.7813454,-122.497668,2,7
94115,33.82632359999999,-116.4547962,82,58
91325,34.2400436,-118.51559009999998,33,44
94502,37.7339032,-122.2483726,21,42
95471,38.5212786,-122.9816867,39,72
92106,32.7090984,-117.241156,11,4
94019,37.49030820000001,-122.43539950000002,11,5
93667,36.93491220000001,-119.3482646,10,8
95928,39.703129,-121.8334868,0,
91906,36.4495198,-118.7198004,3,45
93440,34.744559100000004,-120.2779508,0,2
94947,38.124573100000006,-122.6616518,42,41
95547,40.5659648,-124.0817118,0,
93311,35.1268513,-119.1855785,1,
95715,39.2444916,-120.7005044,0,25
93608,36.4974358,-120.3666099,0,
95005,37.0945364,-122.0951062,0,25
92706,33.7645595,-117.8809574,26,25
92802,33.8124094,-117.9192679,56,50
94018,37.5017068,-122.4688381,39,40
92242,34.1705136,-114.3222577,55,56
95630,38.668585,-121.1481284,0,9
94507,37.8541701,-122.0098642,62,67
90274,33.9742906,-118.3520389,1,23
91739,34.1547243,-117.5143603,84,55
94087,37.3492097,-122.0326019,2,13
92009,33.095442,-117.2499749,45,73
93737,36.75128820000001,-119.6441212,8,11
90621,33.61829210000001,-117.255854,5,32
94954,38.2473117,-122.5712101,21,4
90710,33.7957752,-118.2965121,0,17
95003,36.9771465,-121.8994154,58,67
92881,33.840139,-117.5378439,61,58
92562,33.5262326,-117.33814270000002,52,36
95444,38.43366870000001,-122.8690828,0,
92821,33.93167329999999,-117.8604472,36,46
96022,33.919644299999995,-118.2731269,2,10
90815,33.7963296,-118.1181199,55,63
93030,34.2054029,-119.16813729999998,74,52
91607,34.167305,-118.3987842,69,54
94941,37.9060624,-122.5712101,84,70
92843,33.7675239,-117.9424743,12,25
94566,37.6436199,-121.8676464,73,61
92078,33.1158665,-117.185294,16,11
91776,34.0895991,-118.09471059999998,7,13
94971,38.2547479,-122.9099545,58,50
94118,37.7822891,-122.463708,11,10
93453,35.4137653,-120.2051096,99,87
94588,37.6873908,-121.9131761,0,10
93238,35.84534220000001,-118.5097517,44,65
91203,34.1531191,-118.2614332,0,6
94404,37.5549479,-122.2710602,88,65
95446,38.5274588,-123.000095,70,46
92867,33.8186385,-117.8282121,3,1
91324,34.2413938,-118.5506158,52,57
95458,39.10396470000001,-122.7745919,47,67
95619,38.6869632,-120.8096918,0,
95125,37.2909813,-121.8904136,14,6
91962,32.7750935,-116.44299440000002,66,72
94123,37.8020405,-122.4382307,0,
95742,38.57910510000001,-121.193945,97,92
93441,34.7761654,-119.9913964,0,25
90670,33.9414796,-118.0712981,0,13
90620,33.8428724,-118.0127534,45,41
91737,34.1787581,-117.5848025,57,63
93427,34.6195028,-120.2166519,0,
93668,36.6411184,-120.27434840000002,8,22
93065,34.2774306,-118.7897558,0,25
96161,39.3021948,-120.2051096,19,44
93666,36.5450389,-119.3391908,1,16
94903,38.0270044,-122.5485873,16,31
91792,34.033221399999995,-117.9073244,37,57
91406,33.832212899999995,-118.3870991,48,17
90605,33.9548846,-118.0273914,70,84
95684,38.576092,-120.5509358,72,64
94556,37.8357202,-122.1178261,0,
91344,34.2801972,-118.4980744,17,18
93041,34.1451995,-119.1942983,49,48
95969,39.7213638,-121.6511258,67,56
95492,38.54676570000001,-122.81973290000002,0,
95369,37.5385285,-120.41271609999998,79,60
90680,33.80248220000001,-117.9930967,0,7
90660,33.98702279999999,-118.09471059999998,80,54
94131,37.74010420000001,-122.4382307,77,60
94552,34.1893001,-118.2702036,71,58
92701,33.7463915,-117.8604472,4,1
93402,35.28734760000001,-120.83840929999998,95,59
93619,36.911263,-119.5803605,0,
92130,32.9436607,-117.2088167,0,11
95454,39.855248,-123.5175413,15,28
91401,34.178937899999994,-118.4338345,0,19
91701,33.8332465,-118.1766294,75,77
95973,39.8633343,-121.856261,79,77
95526,40.4606038,-123.6497843,0,7
91103,34.1672881,-118.153228,0,
91384,34.5455162,-118.6964752,71,79
94930,37.9873145,-122.5891656,0,
91741,34.15683189999999,-117.84286509999998,91,53
94127,37.73464600000001,-122.463708,4,8
93036,37.8189573,-120.8498944,72,53
90005,34.0578814,-118.3096648,0,26
91502,34.177237100000006,-118.3082034,96,61
93461,35.6271932,-120.2974199,74,65
96127,40.42,-120.65,0,
95462,38.4672117,-123.0198024,66,48
95076,36.9199564,-121.7423434,9,5
95010,36.9764598,-121.9501551,56,77
95008,37.2770029,-121.9529992,90,65
95926,39.7461315,-121.84487450000002,60,77
92122,32.856384600000005,-117.2029363,72,75
91744,34.0274622,-117.9307584,61,55
95073,37.0459268,-121.9359339,23,21
92831,33.881922,-117.8956062,1,4
91306,34.2048586,-118.5739621,45,56
92590,33.47678019999999,-117.1970557,66,62
91505,34.1615135,-118.3403506,0,
95405,38.43922999999999,-122.6673018,80,81
94531,37.9644542,-121.7708337,48,54
91731,34.0835771,-118.0361736,44,59
94960,33.5658807,-116.1832068,41,66
92660,33.6301328,-117.8721676,11,29
93516,35.00735270000001,-117.666952,19,21
96148,39.2597037,-120.0549683,0,25
96150,38.8864448,-119.9971769,0,15
91801,34.0837958,-118.1181199,3,26
91501,37.3895297,-122.0183914,63,50
91390,34.4964601,-118.3346172,73,78
90717,33.79508870000001,-118.319894,20,24
91320,34.1810666,-118.9470422,76,70
93611,33.6634859,-116.8439147,27,49
91302,34.1307949,-118.6848112,0,3
93021,34.2942772,-118.8829816,0,
90290,34.1076983,-118.61481,3,6
91350,32.7699547,-116.9911288,0,5
94038,37.5463543,-122.4863492,3,8
94403,37.5349925,-122.30508229999998,2,19
92703,33.7526686,-117.9190418,83,60
95636,38.6289451,-120.3666099,77,56
95525,40.9309419,-123.8223634,0,
92592,33.43806010000001,-117.0087877,0,4
95039,36.8225884,-121.7765309,0,2
93602,37.0795598,-119.3947135,7,35
91303,39.3153201,-120.9417368,0,19
93312,35.3734151,-119.1274334,0,5
92128,33.0013938,-117.0735241,23,45
95423,39.0453964,-122.5146439,6,21
92124,38.56030560000001,-121.4970294,0,
90012,37.3189149,-121.9416226,87,96
95436,38.49245429999999,-122.9324972,53,50
90505,33.810177200000005,-118.3520389,0,5
95120,37.1696999,-121.84487450000002,77,61
90732,33.7349075,-118.3140488,1,2
95993,39.0715086,-121.6967438,46,44
94551,33.89083710000001,-118.3987842,0,25
94937,38.1284731,-122.9212265,83,62
95724,39.3138084,-120.3421093,0,22
92880,33.8998939,-117.6317494,3,14
94002,37.51780220000001,-122.2900288,0,26
94952,38.235501,-122.6420207,45,40
93287,35.7326799,-118.7897558,98,62
95701,39.2176947,-120.792458,0,
94132,37.7181398,-122.4863492,0,
90248,33.865806400000004,-118.29358909999998,20,53
90604,33.932494299999995,-118.0244639,43,68
93955,36.6216869,-121.7993168,33,40
92260,33.6917281,-116.4075854,2,16
91803,34.0779881,-118.1415261,4,19
92342,34.761273700000004,-117.33814270000002,79,50
91202,34.168837100000005,-118.2702036,0,30
94066,37.6210696,-122.4297369,46,38
94134,37.72020420000001,-122.4099154,58,17
95664,38.809388,-121.0564425,45,29
95960,39.4259125,-121.0449768,0,
95634,38.9167124,-120.6890055,0,21
90020,34.0655627,-118.3096648,0,6
93424,35.1815797,-120.7299657,98,66
95540,40.60718050000001,-124.1132746,39,39
92707,33.7126158,-117.8721676,0,
92596,33.6345169,-117.0558707,63,75
93901,36.6623815,-121.6454222,0,
91746,34.054103399999995,-117.9893301,60,48
93451,35.86742810000001,-120.5739579,43,39
93710,36.8179331,-119.7599761,0,
93669,37.2703531,-119.5397706,43,75
93531,35.224821,-118.61481,0,
94505,37.90118270000001,-121.6022434,0,
92352,34.2693794,-117.2088167,48,43
91304,34.2249609,-118.65564779999998,8,2
90501,33.8291867,-118.3169714,3,
91915,32.6277588,-116.9499191,91,54
90230,33.99332570000001,-118.3987842,14,22
92127,33.0227476,-117.13824040000002,75,64
95482,39.14119700000001,-123.213851,14,32
95485,39.2159095,-122.9212265,57,51
90802,33.7415317,-118.1941785,0,1
93265,36.2106674,-118.7198004,8,30
93653,37.22708710000001,-119.9277947,0,6
94402,37.5245965,-122.3390936,0,4
92704,33.7246333,-117.9073244,39,30
91024,34.193431200000006,-118.0478826,69,65
95570,41.15092410000001,-124.1048271,0,
95041,37.0510751,-122.05844740000002,2,26
91601,34.1658804,-118.3637264,28,35
92865,33.8316472,-117.848726,84,63
92254,33.5381708,-115.9822747,28,41
92663,33.615828,-117.9307584,0,25
96145,39.1384824,-120.16470359999998,90,81
94965,37.8444843,-122.5089856,8,4
91377,34.1880333,-118.7606115,2,23
93510,34.4600722,-118.2292712,7,3
95253,38.137643,-121.2065426,0,
95497,38.68053,-123.42889,32,42
95469,39.4213799,-123.0338767,6,9
94708,37.90206120000001,-122.259717,0,1
94070,34.0982956,-118.05959070000002,5,9
95776,38.6944843,-121.6967438,53,55
92059,33.3930888,-117.0676398,0,27
92866,33.78344939999999,-117.8457956,0,
92508,33.890925,-117.3263893,48,76
91335,34.2035088,-118.5389414,57,39
94972,38.29711760000001,-122.95503490000002,83,66
94401,37.57935360000001,-122.3164207,0,
94037,37.5409047,-122.5118148,60,74
95424,38.96787630000001,-122.6612483,32,27
90804,33.7806646,-118.1503026,23,31
94599,38.39844600000001,-122.373094,90,66
92019,32.7751095,-116.8556955,10,3
91001,34.210396200000005,-118.1239717,2,
95709,38.7586142,-120.6775054,1,1
94015,37.68000019999999,-122.4863492,4,
93422,35.4652141,-120.7005044,73,54
94595,37.8655663,-122.0666997,0,
93442,35.4197336,-120.8269231,15,10
95054,37.3986039,-121.9643745,0,
94112,37.72254909999999,-122.4410618,42,73
95062,36.9677899,-121.9871217,95,72
91935,32.6890231,-116.8203511,62,92
90601,34.0080684,-118.0303189,0,
95129,37.3052272,-121.9871217,8,3
95433,38.3004099,-122.486703,47,72
90640,34.014909100000004,-118.1064156,62,60
95065,37.0353977,-121.9871217,84,52
95991,38.2672631,-122.1064668,6,9
92109,32.7920948,-117.2323367,7,36
91702,37.7188649,-122.0780632,54,71
94558,38.3170536,-122.3019206,25,20
94028,37.3871184,-122.20865790000002,80,84
94080,37.6531903,-122.4184108,1,12
92081,38.1705985,-121.9245556,87,80
94030,37.5958949,-122.4184108,0,1
93673,36.4536184,-119.4857538,6,25
91411,34.1799855,-118.4601175,34,29
95519,40.9373196,-124.03126609999998,71,76
93544,34.494562,-117.7607932,0,29
95070,37.26383189999999,-122.023004,0,19
95124,37.2583724,-121.918866,30,51
90022,34.02381870000001,-118.153228,65,56
95123,37.2374847,-121.8277925,77,54
95659,38.83528889999999,-121.6054893,75,64
93022,34.392515100000004,-119.3076098,0,25
93720,36.8638688,-119.7715563,8,27
94925,37.920558,-122.5089856,13,65
95925,39.4828107,-121.1538564,60,74
94044,37.6101767,-122.4806894,0,21
94514,37.8076915,-121.6397184,10,3
93063,34.275113,-118.7095413,0,
90631,33.92266179999999,-117.9600466,81,69
95697,38.73300620000001,-121.8057244,54,36
91706,34.0812006,-117.98347379999998,13,28
92131,32.8932137,-117.0676398,62,29
94061,37.4634447,-122.2256803,0,3
92086,33.3066657,-116.6789163,81,68
96059,40.43501989999999,-121.82897450000002,0,
91732,34.079105299999995,-118.0127534,0,10
93631,33.5658807,-116.1832068,60,49
95403,37.3785351,-122.086585,11,29
93308,35.5217431,-118.9062794,70,90
91733,34.0499095,-118.0478826,0,
93628,36.7708505,-118.9295737,47,47
95382,37.5359468,-120.8613785,0,
92070,33.212392699999995,-116.7260713,16,39
90814,33.7709051,-118.1429889,1,25
95726,38.79314760000001,-120.45880590000002,86,68
93060,34.40891060000001,-119.0692659,0,
91766,34.0397162,-117.7549295,2,1
96035,40.0358413,-122.1973081,48,51
95694,38.5600699,-122.0155491,0,25
93553,34.3780816,-117.9014654,0,27
95004,36.8825441,-121.6397184,0,
90602,33.9717336,-118.0215363,18,5
91351,34.438411200000004,-118.4571974,20,9
92010,33.159946000000005,-117.2852467,0,
92683,33.86406470000001,-118.1766294,3,8
93263,35.4901444,-119.2553229,73,82
95757,38.3591901,-121.422761,5,28
93285,35.7249556,-118.5097517,0,25
95721,38.8349932,-120.078078,0,
92365,34.8628939,-116.6553351,0,
94550,37.6536947,-121.6739371,2,27
96001,40.5441948,-122.4617007,2,1
91786,34.10369960000001,-117.6610854,0,28
94122,37.7597481,-122.4750292,76,52
95134,37.4308503,-121.9529992,86,59
94303,37.4530553,-122.1178261,2,28
94022,37.3694009,-122.1405413,24,72
95131,37.3902956,-121.8961047,5,22
92110,32.765731800000005,-117.199996,49,66
94515,38.60455560000001,-122.6051351,75,85
95006,37.1833232,-122.151897,6,33
95461,38.7548746,-122.6051351,0,7
93313,35.1090685,-119.0227159,30,8
94521,37.9538109,-121.9643745,0,34
94005,37.6948419,-122.4070834,79,53
94513,37.9341399,-121.6967438,31,33
91208,34.1980641,-118.2351192,90,56
93015,34.416361200000004,-118.8829816,45,45
92844,33.7636344,-117.9688322,0,
90650,33.90777509999999,-118.0830047,56,54
93923,36.4656419,-121.8334868,73,53
90034,34.0324632,-118.395863,0,
95118,37.2589827,-121.8847222,82,81
92111,32.8256427,-117.1558867,68,69
94510,38.1153501,-122.1064668,57,47
95138,37.2422863,-121.7309452,0,24
96075,40.3069141,-121.856261,1,11
95714,39.2105043,-120.8412807,0,4
94124,37.7304167,-122.384425,19,5
94598,37.89618249999999,-121.9814354,81,44
91205,34.1337367,-118.2468148,0,
96047,40.4925482,-122.68428590000002,86,65
91405,34.2037124,-118.4571974,0,
95623,38.6100779,-120.8613785,63,60
91016,34.1574588,-118.0068979,0,
92234,33.82632359999999,-116.4547962,52,39
90638,33.904554299999994,-118.0127534,33,44
95476,38.23157379999999,-122.4693688,45,63
94014,37.6904558,-122.4523855,5,30
95620,38.3897438,-121.7651362,38,25
95549,40.6161714,-123.86026470000002,0,29
92054,33.1924489,-117.3675233,0,
94928,38.3437823,-122.7011951,67,49
95128,37.3189149,-121.9416226,68,67
92071,32.8678728,-116.9970153,53,50
95126,37.3290122,-121.9160211,12,3
90006,34.0470832,-118.2965121,85,82
90606,33.9722831,-118.0712981,93,71
94582,37.7639471,-121.9131761,87,54
93622,36.8114708,-120.5739579,7,19
93244,36.46896,-119.0227159,0,25
94063,37.5021585,-122.20865790000002,0,11
95140,37.385095,-121.6397184,20,53
94950,38.0537449,-122.8013968,0,
91768,34.0648167,-117.7783831,0,23
95136,32.6168755,-116.9970153,66,47
93614,37.2000816,-119.742604,5,29
95655,38.548973,-121.2798033,0,
91204,34.1377656,-118.2614332,15,42
94107,32.767917600000004,-117.1235339,86,61
95614,38.89254570000001,-120.9991032,74,57
93109,34.4038383,-119.7252297,4,11
94538,37.5042267,-121.9643745,72,52
92064,32.9799762,-117.0087877,37,63
92058,33.2773221,-117.33814270000002,0,6
90277,33.832212899999995,-118.3870991,0,2
91914,32.6762339,-116.9440313,70,84
90810,33.8113701,-118.2234229,3,
91010,34.157978799999995,-117.9424743,33,43
90013,34.044590500000005,-118.2405557,0,2
91207,34.1893001,-118.2702036,93,76
95132,37.4010609,-121.8643855,4,1
90250,33.912780700000006,-118.3520389,44,53
93519,35.3028869,-117.9483319,88,66
91763,34.0745742,-117.6962824,0,25
90249,33.901022,-118.3169714,61,48
95722,38.9993271,-121.0220422,83,52
95631,39.0793693,-120.7809676,42,18
93641,36.706587,-119.0227159,0,
94945,38.1218145,-122.5485873,0,
95422,38.97138320000001,-122.6616518,1,9
93444,35.044361200000004,-120.45880590000002,23,9
92108,32.7742488,-117.1411815,0,22
95035,37.4323716,-121.8993526,62,56
92832,33.8733037,-117.9307584,72,77
95916,39.6685037,-121.3312882,85,50
93636,36.992005,-119.8583772,0,1
93907,36.7918545,-121.6511258,0,19
93401,35.2454989,-120.5969758,9,4
95688,38.4087013,-122.0155491,0,31
95014,37.31317,-122.0723816,0,
93722,36.83533120000001,-119.8930904,44,34
92069,34.3965399,-117.1500048,27,46
96143,39.2569504,-120.0145169,0,
94534,38.2672631,-122.1064668,3,19
95377,37.6571548,-121.4684703,7,36
95972,34.4205066,-119.60173799999998,0,7
91206,34.1527251,-118.2117257,60,36
92840,33.7876938,-117.9336874,9,2
94089,37.4110966,-122.0181762,57,56
90755,33.8020217,-118.1678543,32,60
93405,35.2994482,-120.6890055,80,32
96140,39.2245423,-120.0954076,8,29
91214,37.9193365,-122.0780632,0,12
90242,33.9167378,-118.12982340000002,39,38
95677,38.7870973,-121.22829579999998,61,49
95625,38.34559760000001,-121.905352,72,81
93268,35.14243039999999,-119.4565338,19,29
95449,38.9351173,-123.1014056,73,58
93704,36.7757374,-119.8062912,0,
94559,38.22965,-122.3220894,61,80
95468,38.9025795,-123.5504076,0,26
94565,38.0182853,-121.9245556,0,
94805,37.9383242,-122.3277578,8,38
93219,35.879,-119.3714909,81,70
95012,36.7646209,-121.7594384,0,25
90803,33.7523035,-118.12982340000002,69,58
94512,38.13494160000001,-121.822098,59,62
90260,33.8922687,-118.3520389,0,
95683,38.4919885,-121.1022942,90,59
91355,34.4400287,-118.5914696,28,39
93286,36.4442293,-119.1158017,19,32
92117,32.8250767,-117.2029363,1,41
93429,34.8454172,-120.5451797,45,44
95603,38.91017520000001,-121.067907,0,
92028,33.382650500000004,-117.2440957,33,13
96016,40.940369200000006,-121.572033,72,27
90057,34.06170609999999,-118.2789735,0,25
95333,37.24079620000001,-120.2281933,96,51
95417,39.6867934,-123.6399562,0,29
94116,37.7432421,-122.497668,0,19
91436,34.1540054,-118.4922355,87,60
92129,33.9519253,-118.3082034,75,29
90067,34.057132700000004,-118.41484979999998,74,60
93933,36.680194,-121.7822278,93,49
93604,37.4067748,-119.4875668,43,52
95119,37.2318159,-121.7822278,0,
95713,39.10075120000001,-120.9532041,49,52
91321,34.3677169,-118.4747173,60,19
95130,37.2876164,-121.9857002,0,
95443,39.0322199,-122.7403702,80,79
93033,34.159988500000004,-119.1274334,3,10
93240,35.62837620000001,-118.4163103,4,33
94611,37.8336281,-122.2029832,2,5
94043,37.40622370000001,-122.0781663,33,18
90503,33.8409696,-118.3520389,75,98
90746,33.8540061,-118.2585096,80,66
94549,37.8929461,-122.1178261,42,54
92545,33.736074,-117.0205594,93,58
94114,37.7561438,-122.4325682,4,34
95747,38.4603864,-121.43419,95,61
92305,34.1752565,-116.8674757,14,53
92841,33.7897841,-117.9776173,1,
92882,33.84374830000001,-117.6082774,66,60
93650,36.8420172,-119.8019498,1,
90701,33.864830299999994,-118.08007820000002,59,62
95430,38.4373944,-123.0620193,90,60
93532,34.676617,-118.4531942,0,
95020,37.0127518,-121.5598345,13,31
94041,37.386812,-122.07515490000002,39,59
92504,33.9012386,-117.3910247,82,99
95692,33.5257713,-116.6317514,2,16
92225,33.7310815,-114.6667939,1,18
93430,35.4731575,-120.9187827,0,34
94709,37.8796524,-122.26680659999998,0,
94501,37.7712165,-122.2824021,95,84
91352,34.23015670000001,-118.3520389,81,78
92397,34.3668408,-117.6552185,8,6
95452,38.4213907,-122.54293090000002,4,1
93727,36.7486376,-119.70785320000002,11,12
95355,37.67045039999999,-120.9302603,25,52
94040,37.3785351,-122.086585,24,35
92584,33.65573870000001,-117.185294,70,90
92040,32.8765334,-116.91459009999998,1,
94597,37.9193365,-122.0780632,5,30
96096,40.661649,-121.8443352,39,38
91506,34.1728461,-118.32573899999998,0,
90094,33.97448060000001,-118.4177707,80,73
94923,38.3251691,-123.0451347,72,76
95901,39.2392323,-121.5141615,22,33
94547,38.00674,-122.259717,0,25
92083,33.2013734,-117.2529145,29,18
93245,36.29600870000001,-119.8120795,57,33
91423,34.1482691,-118.4338345,21,30
92025,33.090284999999994,-117.04998590000002,85,56
92341,34.2412908,-117.0676398,1,5
92555,33.9742906,-118.3520389,5,7
95946,39.2836679,-121.2397438,84,55
92121,32.8981142,-117.2029363,0,
91767,34.083685100000004,-117.74320149999998,49,44
91605,32.6168755,-116.9970153,49,50
95661,38.74243189999999,-121.2511908,5,29
95018,37.0435289,-122.0723816,63,83
95472,38.4067427,-122.8761309,55,44
91201,34.1629905,-118.29358909999998,0,12
95695,38.6651725,-121.856261,75,82
95465,38.3958794,-123.000095,0,25
92082,33.2300939,-117.0087877,6,
93660,36.58829490000001,-120.182022,2,19
95439,38.4886363,-122.7802357,0,25
91020,34.211582799999995,-118.2321952,3,35
90042,37.9759027,-122.3447611,76,41
91770,37.7188649,-122.0780632,63,36
92120,32.7926264,-117.0735241,25,20
94555,37.5677679,-122.0522177,13,17
95037,37.2187714,-121.5826642,67,65
92879,33.8813831,-117.5378439,0,
93643,37.22382260000001,-119.4411476,20,24
95464,39.1112521,-122.8253741,0,
94301,37.4457966,-122.1575745,5,26
93647,36.5902725,-119.1623231,96,97
93455,34.8442407,-120.45880590000002,0,2
94536,37.5641425,-122.004179,0,2
95050,37.3539663,-121.9529992,37,70
94707,37.8983665,-122.27956670000002,76,73
91762,34.0420153,-117.6610854,60,44
95237,38.16062700000001,-121.1424001,38,44
93612,36.8109736,-119.7136456,12,35
93270,35.93935829999999,-119.0692659,73,62
93210,36.2615718,-120.4357631,0,25
93436,34.6425797,-120.3896651,3,2
90716,37.71693270000001,-121.0851019,0,7
90745,33.8232001,-118.2585096,19,36
93605,37.1890642,-119.2437011,58,47
90028,34.101218100000004,-118.32573899999998,0,1
94946,38.0607149,-122.6842498,95,75
92036,38.2285458,-121.6054893,0,
94592,38.08879500000001,-122.2710602,0,25
93445,35.0729544,-120.6257423,11,28
92322,34.2500685,-117.3257366,0,14
91042,34.296676,-118.2292712,9,
92251,32.8491869,-115.7338502,0,
93606,36.8021801,-120.016323,0,29
94561,38.0044162,-121.685341,12,31
94949,38.0599857,-122.503327,0,51
93726,36.7949518,-119.7541856,1,30
94564,37.9963136,-122.2937428,70,60
92363,34.7275112,-114.5955356,41,34
95365,37.3056776,-120.3349024,0,18
93277,36.3033521,-119.3831026,0,25
95717,39.1884372,-120.844152,9,29
91710,34.0120229,-117.6786847,3,1
93222,34.8611703,-119.179765,53,48
90806,35.5897118,-117.6904167,0,
95133,37.3716914,-121.86195390000002,2,34
91978,32.7258378,-116.9558067,32,65
94901,37.9650627,-122.503327,27,18
93603,36.6002176,-118.9761519,77,65
90715,33.8413324,-118.0783974,0,12
95935,39.3664259,-121.1824925,62,61
95954,39.8722768,-121.5826642,0,6
95645,38.8933855,-121.7879244,0,
93618,36.5279315,-119.3947135,0,25
93292,36.3276805,-119.2553229,22,35
90031,34.081032,-118.2117257,60,47
92505,33.913326,-117.4908738,76,44
94546,37.7188649,-122.0780632,68,60
93621,36.80030470000001,-119.1158017,25,20
93637,36.91529379999999,-120.2051096,0,
94306,37.41775629999999,-122.1235054,0,27
94706,37.88839520000001,-122.2965778,75,100
90247,33.8863314,-118.29358909999998,90,98
92114,32.7040143,-117.04998590000002,70,53
95051,34.3579404,-118.0654445,39,13
92318,34.0472706,-117.2386415,0,
94560,37.5189256,-122.026918,56,52
94803,37.9587253,-122.2767313,13,29
91931,32.8189976,-116.5727815,33,32
92860,33.9226096,-117.5378439,0,
95962,39.3579705,-121.2740813,10,20
95401,38.4409697,-122.7971649,9,29
94025,37.4484914,-122.1802812,4,36
95691,38.5815697,-121.5312934,90,87
92056,33.192168,-117.3028803,73,71
95687,38.3286205,-121.9359339,17,14
95117,37.312073100000006,-121.9643745,2,38
90292,33.9684276,-118.4571974,24,58
93271,36.4495198,-118.7198004,38,54
92506,33.9415653,-117.3733989,0,2
95441,38.7109062,-123.1014056,21,52
90280,33.9432948,-118.188329,0,
95938,39.6053211,-121.7879244,66,52
90270,33.9876248,-118.1854042,0,38
95258,38.1673741,-121.3141291,95,59
94010,37.56852470000001,-122.367428,0,48
92061,33.3243386,-116.9616941,4,14
91343,34.2386799,-118.4805569,0,
93266,36.1646087,-119.8583772,57,64
94062,37.41089270000001,-122.2880726,0,25
92210,33.687138299999994,-116.3367515,0,4
90023,34.0224471,-118.2000277,0,
92060,33.353962,-116.8792553,80,56
92104,32.761275899999994,-117.0735241,0,
92585,33.7441155,-117.1617685,73,46
95758,38.4223702,-121.43419,31,37
90706,33.882239299999995,-118.1239717,36,50
95537,40.7242937,-124.2178534,87,77
94940,38.17452720000001,-122.8648538,21,28
94587,37.5952304,-122.043969,0,11
92154,32.5967198,-116.9028125,51,45
90017,34.054379700000005,-118.2672801,0,2
90293,33.95087279999999,-118.44551640000002,93,64
93241,35.2638398,-118.9121033,43,46
94542,37.6561165,-122.0326019,70,45
91764,34.073986600000005,-117.6141457,18,19
95304,37.68417720000001,-121.3770336,66,51
95046,37.0964953,-121.57125,1,28
96111,39.4805159,-120.04341200000002,0,23
90065,34.10885,-118.2234229,0,9
93723,36.7702756,-119.950926,11,10
91340,34.291304600000004,-118.4338345,0,25
92026,33.2156978,-117.1147095,86,51
93202,36.3104492,-119.7093013,9,2
95678,38.7637052,-121.2912463,53,50
94545,37.60636210000001,-122.1178261,37,39
95958,39.5515199,-121.76477,7,36
91104,34.1657707,-118.1181199,10,38
91761,34.034814399999995,-117.5848025,78,79
94518,37.94612070000001,-122.0212337,23,33
94931,38.3272883,-122.7237843,38,51
95407,38.3986068,-122.7520139,5,23
95242,38.1304288,-121.422761,8,28
92057,33.260081,-117.2793685,3,42
90038,34.0895186,-118.3315838,11,13
92201,33.7140561,-116.21864879999998,92,73
96002,40.52291470000001,-122.3221947,78,52
96056,41.13762620000001,-121.3222078,0,9
93433,35.1227524,-120.617113,0,
95641,38.1659627,-121.5598345,89,64
93711,36.8381393,-119.829443,0,25
94574,38.5241378,-122.3787597,46,51
93108,34.4381407,-119.6151426,6,2
95672,38.72189570000001,-120.9991032,2,1
92020,32.79632220000001,-116.9675814,2,1
90029,34.088050700000004,-118.2965121,84,55
92386,34.2426357,-116.827715,87,79
95864,38.5848773,-121.3827505,23,19
94602,36.7491199,-119.7599761,44,69
93067,34.4205066,-119.60173799999998,61,56
91606,34.1873985,-118.3900204,60,36
94612,37.8113159,-122.26822450000002,79,64
93212,36.0980204,-119.5603945,98,93
93630,36.7057988,-120.112735,78,51
95139,37.2257107,-121.7622874,0,25
92339,34.094689200000005,-116.9028125,28,30
95336,37.8403398,-121.2053963,1,
95670,38.5961116,-121.2969674,3,30
92264,33.7553867,-116.5373923,67,68
93563,34.4053384,-117.7490656,0,22
95112,37.3456227,-121.8847222,0,
90041,34.13224690000001,-118.2117257,79,90
93675,36.7359348,-119.2088303,66,42
91040,34.2864053,-118.3111262,0,
93656,36.4553949,-119.950926,0,
93235,36.389987100000006,-119.2262667,0,25
92507,33.9734553,-117.3263893,27,30
93551,34.594158,-118.1824793,43,56
92314,34.2296046,-116.8556955,20,28
93218,35.8587055,-119.0343548,10,1
90502,33.8331717,-118.29066609999998,0,9
93518,35.4008617,-118.4396756,72,60
93291,36.36960120000001,-119.3947135,0,
95941,39.5147718,-121.2511908,0,25
95425,38.81434470000001,-123.0113568,0,26
95635,38.90051,-120.907304,7,41
94065,37.5331558,-122.2483726,1,
92308,34.3965399,-117.1500048,25,68
95686,38.231148,-121.4770388,0,
92335,34.08378700000001,-117.4673845,0,42
91917,32.6136117,-116.7378585,34,37
94544,37.6270256,-122.0496521,0,3
94086,37.371859,-122.0212337,63,59
90061,33.919644299999995,-118.2731269,54,81
93705,36.789028,-119.829443,55,63
92317,34.2383916,-117.2181252,65,72
94703,37.85247409999999,-122.2738958,32,11
91977,32.721529100000005,-116.9970153,91,98
91950,32.6721599,-117.0970596,31,9
92249,32.728313199999995,-115.491124,90,57
92336,34.145515,-117.4673845,5,29
95122,37.3304014,-121.8391808,49,42
91941,32.7699547,-116.9911288,32,41
91730,34.096531299999995,-117.5848025,3,8
92509,33.999605200000005,-117.4321452,53,52
90201,33.96672119999999,-118.1766294,15,5
95111,37.28566319999999,-121.8277925,65,70
94922,38.3412889,-122.9494009,65,70
92385,34.2353739,-117.1794216,0,
93446,35.65731450000001,-120.7579834,21,8
90032,33.8803536,-118.2351192,7,9
95624,38.4244019,-121.3312882,38,54
91942,32.7749487,-117.0146736,6,29
92377,34.155954200000004,-117.4027743,69,46
93454,34.9339263,-120.2051096,8,26
93230,36.2808234,-119.6499162,0,
92115,32.761275899999994,-117.0735241,14,32
93256,35.9697829,-119.2553229,73,46
92258,33.923751,-116.54107890000002,0,25
96084,40.90481010000001,-122.0229676,21,33
91387,34.41305699999999,-118.4163103,0,
92557,33.9696912,-117.255854,7,2
95746,38.743802,-121.1824925,39,31
90805,33.86406470000001,-118.1766294,38,42
91504,34.2053511,-118.3286614,73,82
95330,37.8134216,-121.2969674,51,32
92116,37.7554905,-122.1462193,41,44
90003,36.7272444,-121.6397184,29,29
95121,37.302108,-121.8050125,18,52
92105,32.7348953,-117.0970596,40,56
96123,40.8416845,-120.2444251,31,18
90056,33.9885683,-118.3666482,0,25
95835,38.6853213,-121.5541264,55,35
92563,33.5784347,-117.1617685,0,27
92378,34.231962700000004,-117.214697,5,1
93272,36.0519936,-119.3947135,15,6
93221,36.3101417,-119.0227159,0,26
93204,35.9822676,-120.0896313,0,12
90037,34.002058,-118.2818967,0,25
93226,35.756937,-118.6964752,80,81
95633,38.8520489,-120.7809676,0,
92315,34.24288129999999,-116.9087014,3,2
95681,38.9988271,-121.34272620000002,64,62
93501,35.04403,-118.2526623,0,20
95638,38.3395289,-121.1022942,0,15
95361,37.8189573,-120.8498944,4,22
96028,41.0063661,-121.4469102,0,26
95019,36.9355718,-121.7793794,13,13
95127,37.373498,-121.7594384,70,84
92027,33.1467885,-117.0087877,0,
92320,33.9900379,-117.0617553,0,
92126,32.9184763,-117.13824040000002,31,28
93930,36.2143294,-121.1237187,41,53
95831,38.4901072,-121.5255815,73,57
95628,38.6506766,-121.2569138,54,78
90011,34.007889,-118.2585096,32,19
91345,34.264995,-118.4571974,75,75
92391,34.239899900000005,-117.23527649999998,22,47
95949,39.1105188,-121.1252135,27,9
95391,37.75821989999999,-121.548418,0,
94608,37.83795900000001,-122.2824021,3,26
91945,32.7381191,-117.0382158,91,96
94541,37.6737239,-122.1007867,69,51
96019,40.69150459999999,-122.3779053,49,59
92539,33.5257713,-116.6317514,1,1
92549,33.7608141,-116.7378585,1,18
90813,33.784499700000005,-118.1971031,17,10
96088,40.53287589999999,-121.8412133,83,70
95366,37.7514303,-121.1481284,0,26
95227,38.2148814,-121.0306432,2,30
96003,40.8002021,-122.17929270000002,0,10
90045,33.9516114,-118.3875775,0,2
94920,37.8839827,-122.4580469,47,47
92316,34.0595859,-117.3968996,6,21
94085,37.3895297,-122.0183914,31,38
93925,36.5999881,-121.3770336,73,78
92651,33.5563145,-117.77252,0,
95650,38.8074133,-121.1595842,18,16
92374,34.0708773,-117.1558867,1,23
96073,40.599394200000006,-122.1960119,16,55
94704,37.86373760000001,-122.26822450000002,0,25
93703,36.7687871,-119.7599761,94,96
92065,33.065428600000004,-116.8203511,47,56
95219,38.0268596,-121.5141615,0,1
93242,36.4272476,-119.7657663,0,25
90807,33.8332465,-118.1766294,0,25
95632,38.2855625,-121.2855249,79,77
90255,33.975610700000004,-118.2234229,9,28
93465,35.5316951,-120.7464897,87,59
95959,39.3153201,-120.9417368,0,
95830,38.48583370000001,-121.2683591,0,5
95608,38.6272793,-121.3198491,1,26
95337,37.7630254,-121.2397438,33,57
95110,37.354611,-121.918866,0,26
95703,38.993576,-120.9933678,20,62
94705,37.8646149,-122.2341905,3,
95116,37.3558627,-121.8505679,21,23
91916,32.8997738,-116.6317514,76,59
96071,40.66497800000001,-121.4683317,0,
92325,34.2524771,-117.2793685,0,43
92084,33.2143717,-117.2088167,0,
90035,34.050751,-118.3841777,11,18
92021,32.832435100000005,-116.8792553,95,52
94583,37.7624642,-121.9814354,1,2
92119,32.8112871,-117.0382158,19,18
93625,36.6234291,-119.6615055,8,4
94571,38.1494225,-121.7423434,3,26
94606,37.7944092,-122.2455364,0,11
95385,37.596139,-121.2511908,87,83
95453,39.0784484,-122.9437667,0,25
95602,38.9851375,-121.1022942,0,25
92344,34.3811299,-117.3851496,0,14
95693,38.3888359,-121.193945,3,24
94577,37.7199247,-122.1689284,0,25
93432,35.4830274,-120.45880590000002,65,65
92553,33.924658,-117.2499749,0,6
90047,33.9519253,-118.3082034,28,39
90063,34.0440239,-118.1854042,74,60
92173,32.549744399999994,-117.0382158,82,32
90007,34.0295114,-118.2848199,77,48
95919,39.4338542,-121.2397438,83,92
93458,34.9648191,-120.4933624,0,6
95930,39.5415926,-121.1767658,7,25
90220,33.8803536,-118.2351192,0,
93314,35.382088,-119.2088303,38,54
95961,39.0375178,-121.5598345,0,25
93283,35.6239573,-118.2760503,0,25
92561,33.630717,-116.5373923,0,
95662,38.692341,-121.22829579999998,0,12
94553,37.9873593,-122.151897,18,29
90040,33.993047100000005,-118.153228,0,
92359,34.097004,-117.0676398,24,41
90018,34.0309972,-118.319894,0,
95376,37.7345254,-121.43419,62,48
92532,33.663476,-117.2617329,64,55
91913,32.6168755,-116.9970153,7,3
92311,34.974498100000005,-116.9616941,5,29
95615,38.331258,-121.548418,0,5
92262,33.861343299999994,-116.5727815,0,25
93066,34.2989933,-119.0227159,0,5
92655,33.746245,-117.9820097,0,
93301,35.3873576,-119.0168962,61,57
90742,33.717881899999995,-118.0704585,60,48
93609,36.52027750000001,-119.8583772,57,54
95356,37.7208684,-121.0220422,0,25
93274,36.1973331,-119.3714909,7,27
92231,32.682647100000004,-115.5799503,6,29
95360,37.2490019,-121.2168466,0,25
94580,37.6729393,-122.1348629,0,
95914,39.417587,-121.3884671,48,44
93543,34.4965114,-117.9600466,0,
92382,34.2244855,-117.13824040000002,0,21
90033,34.0502898,-118.2117257,0,
91910,32.638513399999994,-117.0617553,89,65
92376,34.1063841,-117.3703189,33,35
94579,37.6851553,-122.1575745,83,55
93536,34.7190908,-118.2526623,63,61
95605,38.59746420000001,-121.531291,1,25
91402,34.225269700000005,-118.442596,30,64
90723,34.6946278,-118.1473771,76,56
92230,33.9155838,-116.7850009,76,67
94609,37.83211729999999,-122.2625529,15,26
92227,33.00010779999999,-115.3311689,92,98
92113,32.6980553,-117.1205925,0,25
95230,37.9728082,-120.8498944,69,46
95334,37.2914925,-120.734995,0,28
93460,34.6627116,-120.02029640000002,0,25
95442,38.3747503,-122.5259596,0,11
94024,37.3478257,-122.1007867,4,10
93449,35.16628600000001,-120.6487508,3,13
90002,33.9511133,-118.2497386,0,11
91604,34.1366259,-118.3987842,52,58
92037,32.8283259,-117.255854,35,18
90066,34.0050173,-118.4338345,13,23
90221,33.8890686,-118.2000277,89,72
95240,38.1484821,-121.1022942,74,66
92139,32.685825699999995,-117.0382158,5,22
90024,34.0631451,-118.4367551,27,9
92024,33.052083,-117.2793685,76,69
93905,36.685567,-121.5997835,54,24
94578,37.7050703,-122.1235054,20,59
90059,33.9287591,-118.2468148,82,58
94702,37.8680576,-122.2852374,60,47
93434,34.95290670000001,-120.6084832,84,99
92337,34.0482749,-117.4438924,0,25
95948,39.35777,-121.7423434,31,35
95680,38.2455111,-121.5526993,0,25
95231,37.8774675,-121.2912463,3,25
94607,37.8134679,-122.307917,1,35
93223,36.3036623,-119.205924,7,59
94619,37.7936811,-122.1462193,70,46
93250,35.6626535,-119.2088303,7,7
95612,38.3807344,-121.6054893,0,25
90504,33.8673266,-118.3286614,0,37
92583,33.814818,-116.9499191,67,51
92586,33.708485499999995,-117.2029363,0,15
93906,36.7272444,-121.6397184,9,37
90043,33.990382700000005,-118.3286614,18,52
95690,38.2285458,-121.6054893,79,51
95113,37.3326639,-121.8918364,0,25
92595,33.61829210000001,-117.255854,91,92
92029,33.0852605,-117.13824040000002,21,4
90222,33.9111458,-118.2351192,0,3
94618,37.84381920000001,-122.2398636,53,52
95626,38.7190893,-121.4570447,57,44
93644,37.3686993,-119.6267347,6,29
92250,32.7674331,-115.2363408,3,1
92368,34.6498616,-117.2911248,0,25
92321,34.2563043,-117.1558867,0,
95621,38.6940006,-121.3026883,4,
93243,34.793679600000004,-118.8363756,37,43
95843,38.7149071,-121.3598812,2,
90744,33.7857948,-118.2643567,58,55
94951,38.3236587,-122.6447001,91,79
90262,33.919864700000005,-118.2000277,3,4
95209,38.0521138,-121.34844479999998,45,51
95975,39.2228146,-121.1595842,10,48
90058,34.00637469999999,-118.2234229,0,
92123,32.8102534,-117.13235790000002,24,34
93306,35.4516124,-118.7897558,33,42
91210,34.144801,-118.2563169,0,3
90008,34.008323100000005,-118.3491169,91,60
92358,34.22381729999999,-117.5261025,28,10
93953,36.5841937,-121.9416226,0,
95833,38.6198298,-121.5198716,12,11
92003,33.28228780000001,-117.185294,47,69
92301,34.6599838,-117.5026174,0,3
94710,37.8645848,-122.2965778,0,19
95834,38.64180220000001,-121.5255815,93,99
92107,32.7409782,-117.2499749,40,59
92392,34.4854334,-117.4203974,85,45
92551,33.878638,-117.226457,0,40
95610,38.6977447,-121.2740813,40,37
92371,34.4290417,-117.5261025,62,48
90304,33.9387862,-118.36080459999998,4,23
92233,33.1904717,-115.6154732,77,60
95977,39.1571906,-121.2855249,0,25
95354,37.6346973,-120.97042340000002,0,
93648,36.6218128,-119.5223715,52,53
95720,38.7828723,-120.2281933,3,27
92394,34.563973100000005,-117.3498955,0,1
92268,34.241485,-116.5845767,0,14
95350,37.6697463,-120.9991032,0,
93640,36.6807956,-120.41271609999998,65,87
95148,38.0434058,-121.2969674,0,25
95842,38.6804131,-121.34844479999998,8,30
92404,34.1585191,-117.2554498,37,44
95966,39.4915751,-121.422761,18,23
92274,33.5658807,-116.1832068,0,
90303,34.0615492,-118.8363756,11,29
94585,38.1705985,-121.9245556,0,
90001,33.96978970000001,-118.2468148,0,1
95301,37.3178131,-120.6429991,83,58
92356,34.4375566,-116.8910342,0,25
94804,37.9158152,-122.3390936,0,25
90016,34.02551879999999,-118.3520389,43,64
95673,38.6880414,-121.43419,77,82
90062,34.0031792,-118.3082034,9,40
92587,33.7010881,-117.255854,64,54
95340,37.3444493,-120.41271609999998,3,
93728,36.7545601,-119.8207615,0,39
92243,32.7538822,-115.5917918,35,52
94605,37.7554905,-122.1462193,2,28
95317,37.1302486,-120.5163949,29,29
96013,41.0249681,-121.6932437,0,25
93926,36.5283778,-121.3884671,0,24
92372,34.4340464,-117.6317494,0,
91911,32.6059744,-117.0441009,4,14
94530,37.9202057,-122.2937428,35,31
93309,35.35156110000001,-119.0576298,26,21
93205,35.5489716,-118.451357,64,57
90232,34.0236878,-118.3900204,0,
90039,34.1103407,-118.2585096,90,93
95827,38.5544039,-121.3255688,55,74
95380,37.47103329999999,-120.9187827,30,47
95326,37.5939016,-120.8613785,0,27
93550,34.3579404,-118.0654445,68,45
93552,34.5811542,-118.0303189,0,
92401,34.0971415,-117.2940637,7,28
95728,39.309122,-120.3954282,60,47
90265,34.0615492,-118.8363756,0,15
92571,33.81567709999999,-117.2088167,0,
92091,33.04680030000001,-117.1911749,8,29
94591,38.1256242,-122.1973081,0,10
93257,36.0651915,-119.0167603,4,16
93960,36.41764050000001,-121.39989950000002,88,52
96008,40.7159408,-122.1203009,0,
91342,34.302375899999994,-118.3695699,0,
95663,38.8544033,-121.1767658,1,3
95658,38.8831341,-121.1595842,24,23
93620,37.0455625,-120.6429991,12,
95965,39.5137274,-121.5568104,1,25
93255,35.7377864,-118.0654445,71,81
95323,37.6209117,-120.7005044,0,
90301,33.953791700000004,-118.3520389,0,8
91932,32.582989399999995,-117.1205925,85,57
93591,34.5925622,-117.8194197,78,71
92405,34.1402037,-117.29700259999998,1,25
90064,34.0386656,-118.4221519,62,66
90077,34.1014861,-118.4571974,77,75
92220,33.9273122,-116.8674757,1,11
93701,36.7509383,-119.7802409,58,41
92544,33.6634859,-116.8439147,68,74
91752,34.0050096,-117.5378439,0,3
92256,34.076108399999995,-116.5845767,11,29
93635,37.0583373,-120.8499249,0,
94519,37.9876914,-122.0098642,87,54
92345,34.3627106,-117.2911248,54,65
92407,34.216765,-117.3851496,0,2
92354,34.048438700000005,-117.2499749,0,
92236,33.688509499999995,-116.1477598,63,56
92543,33.6991526,-116.9793554,0,25
90302,33.9742906,-118.3520389,0,25
95320,37.8300406,-121.0105733,84,55
95826,38.5499634,-121.3884671,2,26
93227,36.3435879,-119.4211606,40,80
94027,37.45117949999999,-122.2029832,28,33
93534,34.6946278,-118.1473771,9,51
95322,37.2248548,-121.03351,76,67
95829,38.4943521,-121.3198491,0,25
95348,37.4283693,-120.4933624,0,25
95316,37.53719990000001,-120.6890055,0,29
95204,37.9727529,-121.3255688,0,25
95832,38.4369084,-121.4970294,66,60
93652,36.5897007,-119.9104436,0,26
90044,33.9478802,-118.29358909999998,1,29
95639,38.3749489,-121.50559579999998,56,70
96069,40.6869239,-122.0036217,0,25
93662,36.5441315,-119.6267347,0,
92324,34.0559145,-117.3263893,2,26
93535,34.7311394,-117.8780275,50,43
90305,33.959633399999994,-118.3286614,0,25
94533,38.249362700000006,-122.0399969,76,50
92223,33.9334088,-116.9734685,84,61
93527,36.1155819,-118.1590786,77,49
92503,33.8833867,-117.4438924,0,6
92399,34.059354299999995,-117.0087877,1,9
93927,36.1828098,-121.39989950000002,0,8
92346,34.1286356,-117.2089374,0,7
93225,34.8177796,-119.0027936,55,39
94589,38.14575720000001,-122.2710602,28,12
93721,36.73376629999999,-119.78458290000002,17,29
95968,39.4159047,-121.5655424,82,86
91775,34.123251700000004,-118.0830047,0,22
95386,37.7050159,-120.6429991,36,32
92373,34.0127473,-117.1617685,0,27
96007,40.4526321,-122.28015,0,2
94970,37.9105306,-122.6333973,28,35
91902,32.6703579,-117.0146736,0,11
91780,34.0982956,-118.05959070000002,23,52
93305,35.3964972,-118.9819731,53,55
93555,35.5897118,-117.6904167,76,43
92501,33.999677,-117.3675233,2,34
93215,35.7949326,-119.1623231,39,68
92067,33.017677299999995,-117.226457,0,26
92408,34.086851700000004,-117.2617329,1,
94603,37.7355719,-122.1802812,11,42
92530,33.639236100000005,-117.3851496,70,61
95660,38.6830879,-121.3713164,0,
92570,33.785745500000004,-117.2911248,27,43
94601,37.7729273,-122.21433229999998,0,10
91331,34.2570374,-118.4279933,95,82
93657,36.79168170000001,-119.4411476,71,54
95841,38.6614578,-121.34844479999998,0,
90401,34.012637899999994,-118.495155,82,68
93654,36.64647,-119.3947135,91,82
95821,38.62585670000001,-121.3884671,1,28
92661,33.602788000000004,-117.9102538,50,72
95825,38.5890819,-121.4084731,46,60
90272,34.0845245,-118.5447787,74,68
93921,36.5569,-121.92269,2,1
90405,34.00974600000001,-118.46595759999998,89,57
91105,34.1406082,-118.1678543,79,82
93610,37.1108483,-120.27434840000002,11,15
93247,36.2059467,-119.1158017,62,53
95451,38.92300820000001,-122.7858791,8,30
94590,38.1052454,-122.2483726,0,
95319,37.6378847,-120.90066740000002,81,65
95388,37.4216867,-120.5509358,50,44
91980,32.5841377,-116.6140621,0,24
92313,34.03437750000001,-117.3087578,0,14
91008,34.1624549,-117.9659037,62,44
93725,36.6765725,-119.7194377,0,
94511,38.03409420000001,-121.6340142,7,28
95682,38.6084554,-120.9646866,0,30
93267,36.1332276,-119.1274334,0,
93616,36.642368,-119.5919555,2,26
93505,35.114608200000006,-117.9717606,4,26
92014,32.98642150000001,-117.226457,5,37
93203,35.0626492,-118.8130675,11,7
92411,34.1242701,-117.3205123,0,24
94956,38.0373567,-122.81973290000002,72,50
96062,40.5643302,-122.0397737,0,20
95945,39.1766853,-120.9646866,0,
95811,38.5967128,-121.49417379999998,0,4
95435,39.0037467,-122.8750737,37,83
92240,33.9628146,-116.5373923,30,34
95207,37.99837479999999,-121.3198491,0,23
95367,37.7280941,-120.9474747,53,51
90048,34.074154799999995,-118.3724915,56,45
95368,37.71693270000001,-121.0851019,91,72
92282,33.9561684,-116.6553351,19,36
93702,36.7491199,-119.7599761,0,4
90210,34.0683231,-118.4069666,61,56
92582,33.798188399999994,-117.0205594,88,53
93638,37.0190777,-120.04341200000002,0,25
95303,37.4727467,-120.6775054,0,28
92536,33.4820617,-116.8203511,0,27
95315,37.4269945,-120.769476,0,
95312,37.42054,-120.6663638,19,44
95823,38.4603864,-121.43419,20,37
92307,34.5869607,-117.1264753,14,53
95313,37.4121145,-121.0220422,3,19
96065,40.9063814,-121.8967213,0,25
94621,37.7347438,-122.21433229999998,0,
92395,34.49331110000001,-117.3028803,9,53
91011,34.21339260000001,-118.1941785,28,33
95341,37.2276426,-120.4818446,21,5
92548,33.7552579,-117.1147095,0,25
95212,38.0445015,-121.22829579999998,6,6
94957,37.9633054,-122.5627272,0,27
90049,34.0963058,-118.4980744,48,38
90291,33.9962144,-118.46887759999998,0,
92284,34.150286200000004,-116.44299440000002,87,94
92075,32.9956666,-117.2646723,0,15
90036,34.066481700000004,-118.3520389,75,47
93280,35.61464429999999,-119.464359,89,66
92625,33.599184,-117.8721676,0,25
92102,32.7162223,-117.13235790000002,91,66
90403,34.027989500000004,-118.495155,84,57
92410,34.0961955,-117.3087578,87,94
95210,38.0434058,-121.2969674,50,36
92118,32.6920499,-117.1911749,8,30
91030,34.1058277,-118.153228,29,57
92276,33.8326524,-116.3367515,77,61
95974,39.49154710000001,-121.748042,0,10
95820,38.5359933,-121.4513314,3,27
95357,37.6644618,-120.8843434,51,62
93646,36.6319889,-119.3018011,0,23
95215,37.9434927,-121.1481284,12,31
90026,34.0796167,-118.2585096,0,29
95363,37.481683,-121.1481284,96,60
94806,37.9759027,-122.3447611,5,27
92662,33.606146200000005,-117.8912117,63,36
90046,34.114731299999995,-118.3637264,77,65
93561,35.0776145,-118.4396756,4,4
93307,35.24211029999999,-118.9761519,0,
90068,34.1235157,-118.3286614,0,25
92285,34.3350492,-116.5373923,0,20
93615,36.5065822,-119.29018290000002,0,12
93304,35.344108,-119.0285355,2,28
94523,37.9448915,-122.0723816,48,58
95651,38.8210287,-120.9359987,46,58
95387,37.50518270000001,-121.3312882,0,25
95814,38.5824933,-121.49417379999998,0,
93706,36.67839379999999,-119.9277947,94,99
90019,34.0489277,-118.3403506,0,35
95824,38.517011,-121.4513314,92,66
95838,38.643335,-121.4570447,49,53
95819,38.5678631,-121.4399041,66,44
92277,34.1356099,-116.0542941,83,87
91901,32.83630900000001,-116.7260713,54,48
95328,37.55806920000001,-120.9101738,5,6
94503,38.18766110000001,-122.2427,45,57
95203,37.9536006,-121.3255688,5,3
90069,34.093160299999994,-118.3783347,21,33
95324,37.4069089,-120.8728615,84,33
90254,33.8600693,-118.3987842,0,29
90004,34.0748887,-118.3082034,95,88
95220,38.1845539,-121.2397438,96,64
95351,37.6183927,-120.9933678,3,41
95202,37.9573836,-121.2883857,44,41
92241,33.861934999999995,-116.2540856,92,67
95917,39.4384517,-121.7537404,0,26
93560,34.8843005,-118.3228165,0,25
95307,37.5350396,-120.9646866,0,23
92567,33.8173261,-117.1147095,0,25
92252,34.193766,-116.2540856,0,24
95236,38.07287879999999,-121.03351,0,28
94801,37.94295220000001,-122.39009009999998,0,21
90245,33.9150066,-118.4046264,0,27
93234,36.1869027,-120.10118359999998,55,36
95358,37.6107909,-121.1022942,3,26
94610,37.8104485,-122.2398636,1,35
90021,34.0309258,-118.2380432,89,56
95817,38.5500434,-121.4599012,62,71
92007,33.0170252,-117.2734901,69,91
90402,34.0352816,-118.5068325,43,25
95205,37.9642589,-121.2569138,38,61
95206,37.9009213,-121.422761,71,52
90027,34.1220545,-118.29358909999998,0,25
90212,34.0617109,-118.4017053,15,30
95815,38.5963157,-121.4399041,84,62
95818,38.56030560000001,-121.4970294,33,77
91108,34.1247921,-118.1181199,87,96
95816,38.58001840000001,-121.4627576,19,8
90266,33.89083710000001,-118.3987842,73,95
95828,38.4929881,-121.3884671,83,62
90211,34.0661071,-118.3841777,56,45
95822,38.5128714,-121.4970294,87,64
